,Growth,Rates_Long,Rates_Short,Dollar,Oil,Gas,Gold,Base_Metals,Agri_Index,Volatility
2025-08-07,-0.0007974800154801898,0.0056872438483202,0.0012098027015543522,0.002240794663060486,-0.007303767166286335,-0.00324991575540845,0.006005931605954196,-0.0028466886475828623,0.01000385652833935,-0.01192610360644697
2025-08-08,0.007799715348974834,0.009660671484249983,-0.0012083408475325186,-0.002235784728572998,0.0,-0.02510593574436426,0.011410772070393316,0.017585963551933093,-0.0015238444010416963,-0.08569704903117736
2025-08-11,-0.0025041278217863283,-0.0028004864295589904,0.0024196054031084824,0.003462989782377246,0.0012523170792080318,-0.012040138206226292,-0.025006541699268636,-0.007182148792667209,0.016024421631619212,0.07260728773380909
2025-08-12,0.01134543584661274,0.004680659693587774,-0.0031378255006243583,-0.0042630753477077565,-0.012351484159403792,-0.04942447821117302,-0.0012526304584333792,0.019215561653475266,0.006759305702155993,-0.09353848970853362
2025-08-13,0.0032300788824048965,-0.01281162411860659,-0.004842610259641833,-0.0026503785960716453,-0.008231702677522601,0.007122500107407337,0.002926348685807545,-0.005877836194779329,0.0033569621178926035,-0.01629326399026665
2025-08-14,0.00030309080129242716,0.012977891992668633,0.0004865827193523131,0.004190552713160711,0.0209097769622979,0.004596892195349422,-0.006996754798475169,-0.0039044900039204578,-0.011152388152968262,0.023464469148273492
2025-08-18,-0.0029976063534671304,0.011180958859162926,0.0026751353193585903,-0.0008142680005566172,-0.008442791170371278,0.017247456323077115,-0.0010494123444593217,-0.0016799578328341447,0.01578947632596761,0.0107889311014997
2025-08-19,-0.005858103118756786,-0.00898411278796829,-0.003153046564887463,0.0010186256084980805,-0.016871644997116464,-0.04290659791632068,-0.00549270615491293,-0.010769544814671184,0.004071010404862019,0.038692457142231795
2025-08-20,-0.0024316693228262354,-0.0013947098786204482,0.0012164567983807828,-0.0005087557145735389,0.013793113574950722,-0.005061438467363288,0.009054144046657164,0.0038557946639010687,0.00258022868921004,0.007707121895382807
2025-08-21,-0.004004181529308926,0.007914320265634656,0.0031591767113414715,0.00407250581253904,0.004904309093197945,0.02688949099974236,-0.0019441287880170854,0.0012426207943443401,0.0029411735831661456,0.05799877791100583
2025-08-22,0.015186444876893468,-0.016166211560647348,-0.009689913749995283,-0.009125953161769673,0.002204020602007528,-0.04529370916628328,0.011237975695243652,0.0036105767787457665,0.01136361650071871,-0.1433734975751969
2025-08-25,-0.004266385548063467,0.0035210952299720155,0.0012231200245136353,0.0072656475194787795,0.017907684685488423,-0.0007412361287749691,-0.00017776598298513413,0.0042719675302591575,-0.00036245845692384204,0.040084365971908564
2025-08-26,0.004133995191134998,-0.0039766544994186415,-0.001221625829499251,-0.0020318698325928475,-0.023919799054944124,0.0077892832621320185,0.00438675932596122,-0.0035821772536120955,-0.005801299777183244,-0.011494258061691465
2025-08-28,0.005555251394306682,-0.01197748226614792,-0.003913844106669173,-0.004275738409716734,0.021343849393218983,0.0835480299798419,0.012748612974943452,0.0029210226740059575,0.003646986914350281,-0.012995867433006847
2025-08-29,-0.00639818429357164,0.0047540905194976,-0.0071217596415196205,-0.00040896550992530756,-0.009133070461711856,0.01800270828604167,0.012209307578411543,0.012322130179588164,0.009084302174474423,0.06444901814505788
2025-09-02,-0.006922279936861564,0.011828651786159439,-0.002720790452784172,0.0064437445478544575,0.024683551772073153,0.004004032034483851,0.02179231143620708,0.011286958046876627,-0.01152321532406586,0.11783857161935951
2025-09-03,0.0051000736279842585,-0.015431373744790533,-0.0034722070286884454,-0.0026422980914495575,-0.024698813960013055,0.018278440408152852,0.012340127918300414,-0.002407299808743324,-0.004735922204080589,-0.047757698962177964
2025-09-04,0.008346486409699372,-0.008311528781159594,-0.004977655231080291,0.002139790969825528,-0.007659866642432012,0.0032637045750925076,-0.007625487786955487,-0.015465591728420436,-0.002928254926782059,-0.06422019365362708
2025-09-05,-0.003165152978388819,-0.02155176006687598,-0.02201096117217982,-0.005897324250668912,-0.025362328638335097,-0.008457965344764617,0.01329292211977151,-0.0012254545199552602,-0.0029368547862792527,-0.007843129677328364
2025-09-08,0.0021059789159529885,-0.00978951595426425,0.0046035516806406385,-0.0032729846150292286,0.00630352992373262,0.013779467045320404,0.0068914388411576155,0.0017846953412186117,0.004418293074653024,-0.0046113733261696765
2025-09-09,0.0026881536531127015,0.0069203850477725926,0.0038187640036015935,0.0034890095221422612,0.005942864705379636,0.008737925429610716,0.0014293040412012292,0.002338259500294093,-0.006598251489923768,-0.004632673488730754
2025-09-10,0.002983469943562689,-0.0103092337048738,-0.0032969848303989746,-0.00010228178890303585,0.016605414068235458,-0.028232292659599367,8.235633192543723e-05,0.010886528327740175,0.0040589926735994375,0.02061173007998507
2025-09-11,0.008485890387959882,-0.005208310543032613,-0.0005089296249639608,-0.0024544678540162623,-0.02041776777833515,-0.03136349529030824,-0.001838894261971813,0.008901029779579739,0.0073502671690122146,-0.04169383240506963
2025-09-12,-0.00048276131466740146,0.012465647456505913,0.0,0.00010254394234765485,0.0051306669922135395,0.0023858109904626446,0.00343699313581447,-0.000435650821192457,0.003283478770117032,0.003399061224010902
2025-09-15,0.004706619226962694,-0.006648596717866662,-0.007128278543796607,-0.002562788233510971,0.00973042947382785,0.03468208045625909,0.008987792433232666,0.014601702501418012,0.014909085360440333,0.0630080851680257
2025-09-16,-0.0012879303382402618,-0.0019831177893006036,-0.0025641000560834293,-0.006885979211978421,0.019273260990682273,0.019717365467634584,0.0018195511543968035,-0.004833001495090139,-0.0053744041329395476,0.04270242497685861
2025-09-17,-0.0009701681605103207,0.012419322019525003,-0.005655545962289565,0.0024837576320595467,-0.00728446397647331,-0.0009668131011127956,-0.0019246533393638687,-0.01338221437499898,-0.02089336883731785,-0.03911982392701152
2025-09-18,0.004789119185128365,0.006869449573654318,0.003102400162529051,0.0049550502108972605,-0.007494197253132273,-0.05193548977561124,-0.010348225637178965,-0.00656316104952992,-0.003679189858238674,-0.0012722937292578562
2025-09-19,0.004885418870829605,0.008528227736678051,-0.0005154879899716969,0.0029789514131779438,-0.014000305079770237,-0.017352800858663864,0.007629620770278844,0.0061660159902687806,-0.004062060955002722,-0.01592356707243181
2025-09-22,0.004410046474333074,0.0009664621838980647,-0.007735938944678722,-0.0031749033237562507,-0.0006381766964356217,-0.02839335763199502,0.01884786903768898,0.0008755060459384456,-0.004449348718572166,0.04207123496628107
2025-09-23,-0.005502159197012135,-0.005551590544790153,-0.0007796312219782164,-0.0007191995634164838,0.012292472306296265,0.016749797373945885,0.010666492101799152,0.0025147347167067124,-0.001489791991025391,0.0335403102723042
2025-09-24,-0.002846617843333288,0.006553386203619116,0.0033810172554902262,0.006271854790802278,0.024917174265249642,0.0017525813428975745,-0.012828651205417652,0.036645267153111005,0.0033569621178926035,-0.02764417676354103
2025-09-25,-0.0050090613431266195,0.006028477539497201,0.006480004325894351,0.006947995157786213,-0.00015378530796217316,0.01609517255773829,0.0012860868041868478,-0.011046869505147883,-0.0022304634495626807,0.03461059674784095
2025-09-26,0.005901836747171263,0.0035953659473801913,-0.005923255863359511,-0.004058868731529386,0.011388085957840577,-0.023760332189980526,0.010275936601965352,0.003297887083738793,0.005216072610004785,-0.08661886673181729
2025-09-29,0.00263554421636214,-0.01098638787578543,0.0007772075291105907,-0.0024452150793523586,-0.03454048106512475,0.15238092274632642,0.012078471360118748,0.02661440047243846,-0.0025945031879869296,0.05428390316881204
2025-09-30,0.0040908483833717035,0.0016904056582069948,-0.004659561961552372,-0.0014299562231264717,-0.017021305249305896,0.01101928796841456,0.005208235492420998,-0.00743653195089633,-0.005574121864764692,0.00992554833016479
2025-10-01,0.003399920834961989,-0.010125318054311161,0.0,-0.0006136602296590299,-0.009459678734839105,0.05237665718237605,0.006951663932628138,0.005307034018189327,0.001868431862215969,0.0006142646474234237
2025-10-03,0.0006839080367779804,0.0031661012209400763,0.0033810172554902262,0.00010236553396980597,-0.01456778454134966,-0.04372847691067694,0.0034389266523917605,0.04709656472917412,-0.005221909453086093,0.022099366652569286
2025-10-06,0.0036465919796933033,0.010439480866836437,0.0005183657389167262,0.003990988382896354,0.013304821688282953,0.00992786761829434,0.01744484392910639,-0.014037188206906581,0.0026246604658408668,-0.016816743886603813
2025-10-07,-0.0038114057910215715,-0.008409496093590207,-0.004404134820645278,0.004790553641618622,0.0006484181620654006,0.04200172453969131,0.007116651299544197,0.012231776707494424,-0.00523557931364127,0.05314593080531016
2025-10-08,0.0058276636405680815,0.00048469395418537786,0.0,0.0027388581664780087,0.013283649779766593,-0.04716980167567775,0.016773110077421993,-0.000396167808522252,0.0015037220904168258,-0.0545243936506532
2025-10-09,-0.002755570407195318,0.004601495691085367,0.002602131311997047,0.006980297946963532,-0.01662671348061584,-0.01920188789176236,-0.02399030465921359,0.005846216331171883,-0.00563061644020002,0.007975526024544655
2025-10-10,-0.02711167321141361,-0.023384679547708176,0.0,-0.005625854464970104,-0.0424320739209092,-0.049862375083690846,0.007500659643053353,-0.044724704166958285,-0.006417518979343062,0.3183201123002275
2025-10-13,0.015598671787557583,0.0,0.0,0.002929816895308246,0.010016980259816455,0.0038635171054970385,0.033376140891845596,0.05197490844106545,0.0034194587245983676,-0.12142193810222157
2025-10-14,-0.0015643266604626893,-0.007158795714892641,0.0,-0.0022161136168826756,-0.013279557795226826,-0.028864629021306265,0.007326120075161535,-0.023527082255880516,0.006815611746147754,0.09353645376092956
2025-10-15,0.004026001159503689,0.005967222482718748,0.001297719838424749,-0.0026249583868726,-0.007325388408636391,-0.003963039452525408,0.009229880210824382,-0.0017066757965109591,-0.00037608983920456307,-0.008169153323245748
2025-10-16,-0.006294387099829435,-0.017301021546416107,-0.0012960379442732428,-0.0040490082211958045,-0.013900830048527935,-0.02586209145423557,0.024731330743833713,-0.002815755957587207,0.005643326522228209,0.22625970030968534
2025-10-17,0.0052707155502571545,0.007796755120797361,-0.005450274812533906,0.00040655468823547203,0.0013923047742669947,0.023825709362230274,-0.021097212477968474,-0.005344942333289748,-0.007108066964564119,-0.1789805956097521
2025-10-20,0.010672270853256949,-0.005240805741752563,-0.008872630412069094,0.0016254803639010884,-0.00034759223923253035,0.129321871909297,0.03496503577998378,0.013484778969078404,0.008666146733317115,-0.12271419923715232
2025-10-21,3.2696450934288634e-05,-0.005770196075053691,-0.003422857059277029,0.0034486659895989202,0.005215563885136554,0.02266703003800319,-0.057351710352510854,-0.013605505131580542,0.00224129491656333,-0.01974759802757342
2025-10-23,0.0004587502810098343,0.007065323621481268,0.0007926079029867417,0.00010110316587086388,0.06866138432474789,-0.037420805088898446,0.009247266012586852,0.030831634016538878,0.003354459666187637,-0.031897122294556324
2025-10-24,0.00790242258787388,0.0015033931486587715,-0.006599813796857257,0.00010101583373067768,-0.004693330817777452,-0.011961782016266742,-0.001721027186098678,0.002262959284184962,-0.012258540964740106,-0.05375713519309755
2025-10-27,0.012290050865671143,0.0,-0.011958563953518575,-0.0017180209619838127,-0.0030894085643736746,0.04176755919693931,-0.028287685208447266,0.009227433016246955,-0.011282408248927678,-0.03543071763260408
2025-10-28,0.0022879438603986557,-0.0035026117183716288,0.0005379487614225464,-0.0009110785483172901,-0.018920238483593477,-0.028181256863539117,-0.008920750654199727,0.0,-0.004944886405022997,0.03989867738840602
2025-10-29,-4.3578255173426506e-05,0.018830039399822196,0.002688169458695544,0.00537033910412088,0.005486251171838097,0.009267533227317326,0.0044122838524138785,0.018091612471139884,0.006116202153874983,0.03045066977325206
2025-10-30,-0.00990481243951924,0.008624900605070929,0.007238592565917079,0.0031243454422480443,0.001488097772306407,0.1718009995783889,0.00441802793181556,-0.02971241712750594,-0.002279614993847545,-0.0005910300730935791
2025-10-31,0.0026179217059763005,0.001954531426807904,-0.010380632059906025,0.0027127928842807236,0.0067690250863108314,0.04246713322216378,-0.004773472977074977,-0.002461655362990589,0.004188903632627472,0.03134244183488977
2025-11-03,0.0017207127269924793,0.0012192427811665851,0.017482533177568316,0.0007013997262896865,0.0011479123540454328,0.03443252158861698,0.004545250835765735,-0.0036521275334946424,0.020857004913031885,-0.01548167714997506
2025-11-04,-0.011736830084583816,-0.0041402147462764605,0.002643402189644206,0.0035045405476679115,-0.008026173135020742,0.01804972922220549,-0.013149038075696118,-0.02397460168932819,-0.01002973465818957,0.10658124144289749
2025-11-06,-0.007565473480426466,0.0009781633315859573,-0.007909299110346102,-0.004889222288976702,-0.01865919819172268,0.0032235641662194947,0.008156635907021315,0.003958542078651872,-0.020262627238584963,0.026315789473684292
2025-11-07,0.0012618418007710464,0.0,-0.0015944836416217356,-0.0013035684190966235,0.005384480787161472,-0.009639618569661446,0.004899620713705977,-0.0015164685027621028,0.0034469609530460854,-0.0215384654509716
2025-11-10,0.01540101862170995,0.004153481220036781,0.006920421373270758,0.00020084611212256576,0.006359850512388965,0.0053301884551040235,0.02810419190086022,0.03017409576933061,0.015648848682175087,-0.07756811049026757
2025-11-11,0.002075350517340535,0.002433029615531268,0.0,-0.0016061399086325645,0.015133873794235697,0.052328318555374675,-0.0012160125097286922,-0.007568278545645679,-0.0026305784749582894,-0.018181800448205276
2025-11-12,0.0006295171887717999,-0.013349473268531309,-0.0013216695829824099,0.00020112882209000205,-0.04177587154019646,-0.007009871730283779,0.023765487069725033,0.008121202115103587,-0.005275105206012376,0.013310158165333874
2025-11-13,-0.01655685496159698,0.011562098566755274,0.00397031922277824,-0.0030157121193633563,0.0034193356557179477,0.024928285079825363,-0.004162306252134762,-0.00039293743216228805,-0.006060600368335001,0.1422044396670561
2025-11-14,-0.0005017255648851471,0.008754809103368677,-0.0013181850896301084,0.0009074040896723812,0.023854175475168438,-0.01721909713355796,-0.02371678497303309,-0.007469308324166035,-0.005716448926778361,-0.008500003814697288
2025-11-17,-0.00916226617680782,-0.0036161685971215496,-0.00422387327713003,0.0032235288168167564,-0.0029955118109286083,-0.044897048705897835,-0.004721608857772397,-0.009802948543042644,0.01303181872745851,0.12859300286794828
2025-11-18,-0.008256436690967983,-0.0024194900299727706,0.0,-0.00040157935137508094,0.01385414510380012,0.0022929951627435052,-0.0017206203859069236,-0.007499980926513716,-0.001135099746466195,0.10321722340993555
2025-11-19,0.0037538357962292324,0.0024253581598596696,0.0,0.0068307411786039385,-0.021402749684458433,0.04095181544492088,0.004038091780114161,0.009168725594225657,-0.011742404182642163,-0.041717321359500015
2025-11-20,-0.015567283563270418,-0.006532773066002973,0.0007953395868696145,-0.000698390626357015,-0.005047093606858621,-0.01670334295321696,-0.005198997333235034,-0.009684517179039731,-0.005749314589996057,0.11665258861714323
2025-11-21,0.009823035415319481,-0.010472417188156502,-0.009271545681188043,0.0001996469881717644,-0.018261718422446616,0.023692433423449843,0.0049796502334216175,0.009880081628140136,-0.002313082962825619,-0.11317183052550484
2025-11-24,0.015467217001293498,-0.006153112016589191,-0.002673794234694493,-0.0003992904312786205,0.013434356886799836,-0.006768589049236717,0.003728493966671742,-0.009284257776344229,-0.007727931301250268,-0.12419973578785137
2025-11-25,0.009061696817220577,-0.008915366720593232,0.0005362180830712493,-0.004793246759183467,-0.015125754373562672,-0.027478568008365678,0.01155949414638835,0.007557417460658522,0.006619940586982009,-0.09551661540434953
2025-11-26,0.006906711511012631,-0.0009994874179087843,0.00562698494481273,-0.000602098994414324,0.012079391781252946,0.030289400504429853,0.006281406738781081,0.021002104874421335,0.01083167408761776,-0.07381459974709137
2025-11-28,0.005354773163420257,0.004752449291772098,-0.014921394608284233,-0.0014056163834662572,-0.001705068818697919,0.06406314420222836,0.012748393086785548,0.015868416293379983,0.011098389775793471,-0.04886562690464402
2025-12-01,-0.005323329342915684,0.01966641580388062,-0.001081944407004598,-0.0005026686388848178,0.013151160850507493,0.014639195995511667,0.004978309027884764,0.0064602674334068855,-0.0049204829822557805,0.05443421216412436
2025-12-02,0.002457235261999813,-0.002441462013391238,-0.005686473441959161,-0.0005029981884697721,-0.011463255372118786,-0.016460038846579317,-0.012431229084807538,-0.011113257188007375,0.004564432396573004,-0.03770299461483784
2025-12-03,0.0029797912994984355,-0.007097358221759165,-0.010076236809387962,-0.005132871709919606,0.005286517334884833,0.032024737207562826,0.0030334177459079292,0.028482914011963567,-0.0011359593645907662,-0.03074142400187263
2025-12-04,0.0010803218396737702,0.0125707762889824,-0.006327373306104889,0.0014162811513354079,0.012213696296650589,0.01361367731287988,0.0029766867290701438,-0.003108514678328511,0.0030325976592535664,-0.01865672836805088
2025-12-05,0.001936641757662061,0.007546285011201359,-0.0024917117859967197,0.0,0.0068711861017412,0.044637531725963076,0.0002611941942316509,0.0171028775137243,0.002267625675248963,-0.023447394918898135
2025-12-08,-0.003477255626794018,0.00797293859802739,0.004163226537291953,0.0010101876581380953,-0.019973380931542994,-0.07127998725549245,-0.006100241550233032,-0.0032515651812122792,-0.004524918445024673,0.08111615914194314
2025-12-09,-0.0008763589340257116,0.003355690123504562,0.003869524280474046,0.0013119879666680934,-0.010699746207314398,-0.0688111329823261,0.004657049840088856,-0.023114935487208554,0.0,0.016206510218282677
2025-12-10,0.00674955693920154,-0.005255574928252349,-0.010737895005498377,-0.004333806691045106,0.0036051344973846433,0.0045911475710962435,-0.002448544581386547,0.00667872294446159,0.0034090967381954496,-0.06851741444195236
2025-12-11,0.002079350841514227,-0.005523592732058158,-0.006957934149756095,-0.004453916766156141,-0.014710924115973634,-0.07921650929656088,0.021232508752677903,0.028717700732813434,0.005662499804693022,-0.05833862077290075
2025-12-12,-0.010663649289958,0.012798835047958868,-0.012051564431450168,0.0005084194461981717,-0.0027777752022684066,-0.02788939541645774,0.0034068597961147695,-0.02644183711376369,-0.004504464513291007,0.059932617291983625
2025-12-15,-0.0015965630269072495,-0.002861136803042008,0.003687946409186349,-0.0025406503671064895,-0.010793853529036723,-0.024556244642393033,0.001534870702160518,0.010409733380034814,-0.006787341706967709,0.04828464040237068
2025-12-16,-0.0023839179519623555,-0.007890959135900877,0.0019785102518639075,0.0,-0.027279113787143094,-0.03140582335584485,-0.0005108772871849077,-0.009646875222742879,-0.0034168622652437364,-0.0012121489553740261
2025-12-17,-0.011592143912241393,0.0004820089083152901,-0.0005642012459908807,0.002241479544400349,0.012122275436876606,0.03551215974658661,0.009989545824137469,0.014469441341139921,-0.0019047328404018238,0.06917483790429602
2025-12-18,0.007934262269941872,-0.008431666398247106,-0.005927154543892699,0.0006099172198694713,0.003754074085186909,-0.028827080178316256,-0.001840138010350767,0.0005592957017088729,-0.0019084405707311403,-0.04256526471497213
2025-12-19,0.008818059450332205,0.008503363926135155,0.0,0.0017270971087903764,0.009082783751985346,0.019447281308300646,0.005046641858220902,0.013602898643957362,0.001912089680251805,-0.11618262562637516
2025-12-22,0.006436496360377575,0.004336334807458098,0.0017035893909556066,-0.0031439915151226794,0.023826305643429135,-0.004769089749096178,0.019076488553088078,-0.0003676542135855332,-0.029007641479036672,-0.05566733281020897
2025-12-23,0.004550388765703239,0.0,0.005385434909466191,-0.0035608756827857357,0.006378258184584151,0.11172763878712577,0.008594633081026481,0.007080428901760083,0.0015722880243325132,-0.005681812794001595
2025-12-24,0.0032214822012188726,-0.007915565169820504,0.0022554653444102346,0.00040842265193208327,-0.0005139190381160397,-0.03765877714634591,-0.000490699368048908,0.004108845660450777,0.006671902643174965,-0.03785712378365658
2025-12-26,-0.00030436354912266594,0.0,-0.0033755509699008313,0.0004081780441169691,-0.027592062343726576,0.0292315109543837,0.010824442919012078,0.04874058965293271,0.0003898724768249817,0.0096510847708835
2025-12-29,-0.00349205148036813,-0.00483558514753768,-0.0014111984325609894,0.00020408358647250324,0.023616498289537935,0.07352258576351711,-0.04504206036549452,-0.047862658990854956,-0.00038972053551455943,0.044117603747491074
2025-12-30,-0.0013756671519022934,0.0034013455704540174,0.0005652501359889595,0.00203995253340028,-0.002238310330867188,-0.15254959355912712,0.010404383478751278,0.04316546575148905,-0.0031189054540281536,0.009154937759653814
2025-12-31,-0.007357666300846111,0.007990312701255942,0.001977392530467137,0.0004071754519254789,-0.009145860000283057,-0.0720039736431014,-0.010182833117224455,-0.017023107474725352,-0.001955386689764693,0.04326586802930965
2026-01-02,0.0018947067188299638,0.005764998893527107,-0.003946980331508754,0.001424495231861167,-0.0017415269472296213,-0.018448202983078144,-0.0025892812695673673,0.001776154856378831,0.0015673592265372793,-0.02943141043457509
2026-01-05,0.006354126864826393,-0.005254319806622942,-0.005094788424936492,-0.0015240960035521889,0.017445917748152073,-0.02625760857073267,0.028393288237711367,0.05044328524915209,0.010172153142189,0.02687797267378067
2026-01-06,0.006196712678341321,0.003361329914302047,0.0014224397932058874,0.0031546270334603665,-0.020404640482441505,-0.04910590325890385,0.010209897443217208,0.014515987143868259,0.0007746110766873038,-0.010067088749702191
2026-01-07,-0.003439923431013958,-0.009810933320614668,-0.0014204193322248093,0.0010143890471057126,-0.01995447870356648,0.05223886439305958,-0.00734023229471259,-0.03352465526985782,0.0027089665019683906,0.042711872165486
2026-01-08,7.65482590914246e-05,0.010874837160341322,-0.002275998629584941,0.0025334414189992494,0.03161272709422214,-0.03347518505677605,8.998958096251286e-05,-0.010759166781860618,0.0038595284468794233,0.004551345533378326
2026-01-09,0.006475487031883276,-0.0028687744852113894,0.0017108759663193585,0.002021600602701401,0.023545717622442286,-0.0698562224728716,0.009124122433634918,0.018968103315796014,-0.008842735110049516,-0.062135925566243366
2026-01-12,0.001577633215136931,0.0038359611584066755,0.005693134318633941,-0.0027236623680739758,0.006427623054476861,0.07573367507917883,0.02538805980861092,0.02211594353492563,-0.005818522959024186,0.04347826945426525
2026-01-13,-0.0019391230550597216,-0.003821302789332348,0.007642216379066147,0.0027311009649957363,0.02773111808199835,0.0029334088290549065,-0.0032794583357990126,-0.002506322972117614,-0.0023409858722986954,0.056878284602278395
2026-01-14,-0.005333360445499591,-0.007432303356688985,0.0,0.0,0.01422729207155582,-0.08745248102814962,0.00808411221913885,0.006532669296965388,-0.002346478946361752,0.04818526156577807
2026-01-16,0.0019359668206178071,0.021980696387290388,-0.0008427025362512941,0.0026228401435923754,-0.04159951325398159,-0.00544870531065178,-0.008192271133260487,-0.03669495736556705,0.003528034174064665,-0.05313434885508983
2026-01-20,-0.02062675805627745,0.01512647849386628,0.004217066413819248,-0.007546030834145623,0.015141344997853023,0.2591041438963344,0.03731152448701147,-0.002677735011488269,-0.004296898777829128,0.2667087381764075
2026-01-21,0.011587741323274559,-0.00977888078827005,0.004479292358711362,0.0012165728641988505,0.004640350987550779,0.24776040928664456,0.01516928009704066,-0.0075350681407182485,0.0023538433299779005,-0.1587854907829206
2026-01-22,0.005487502192628835,-0.0009404444597921335,0.0,-0.004050238125016814,-0.020785192077436232,0.034871810521834856,0.015936090714126827,0.0022689609668471444,0.001956992011829639,-0.07455617181351726
2026-01-23,0.0003268698377891788,-0.002353548767063396,-0.0016722524701208163,-0.007726739848662456,0.028807261908526005,0.045589695856346646,0.013730523408316264,0.02934261238680569,0.00546872607665172,0.02877236568970143
2026-01-27,0.009108413519601344,-0.003774426656446783,-0.00335010716522377,-0.01413931634213994,0.021614535801874002,0.3182938143057834,0.02083913487422251,-0.013957026572116726,0.003885018739663515,0.016159119106037956
2026-01-28,-8.172305219089626e-05,0.006630328581786138,0.0033613681086093194,0.0023903110020910834,0.013143127149321199,0.072763882979471,0.043642630676681726,0.010980549362894498,0.0015479492237815418,0.0
2026-01-29,-0.001292631274007694,-0.005645657826091388,-0.000558373380931898,-0.001762552351728286,0.034962808360734954,-0.47479893260066597,0.0031688177867144063,0.04802715248787215,-0.0003863339203024063,0.032415826723621866
2026-01-30,-0.004301899620894223,0.0033120270124229467,-0.0022346081490672853,0.007374315470237924,-0.0032100136097579224,0.11128129418814248,-0.11366200569716556,-0.04509757653524116,-0.008117548705402822,0.03317543845574367
2026-02-02,0.00539126612916796,0.008016957907232447,0.0016797429778319106,0.006392440047816805,-0.04707866489688739,-0.2565457233599825,-0.019389444883695095,-0.016194674415304422,-0.00038972053551455943,-0.06307341443720693
2026-02-03,-0.008403983020698336,-0.0002339011692269466,0.003353785711144308,-0.0017416060637467368,0.017219177749178805,0.02286071066561135,0.06083292489183334,0.04498839324983006,0.003898650407678117,0.10159117698350828
2026-02-04,-0.005072391906223106,0.00023395589178365483,0.001392789571159403,0.00184729372604453,0.03053314876016011,0.04651156762118824,0.0034055318159975645,-0.03901027404155932,-0.0015534336127124293,0.03555552164713549
2026-02-05,-0.012251015567674717,-0.015204691408286952,-0.0047287788067836845,0.002048729180651243,-0.028400345278711825,0.012698455948949583,-0.011990895287168901,-0.004634470692767567,0.0023337757848171936,0.1679185177362963
2026-02-06,0.0196957966973359,-0.0009501631553254786,0.003353785711144308,-0.0019423680433348078,0.004108047365652956,-0.024793425490594267,0.01847210572523683,0.011122664986156217,0.0,-0.06430866279706493
2026-02-09,0.004691086716887227,-0.001902020277257166,0.0008356604603232398,-0.008296605360863074,0.01274589115681124,-0.08299238035943657,0.020136472592168664,0.01389955687934874,-0.0007761139855799737,-0.1477663281723809
2026-02-10,-0.003303712975458173,-0.01214867051256252,-0.0008349627149963901,-0.0002065342194735864,-0.006215064047320307,-0.007329509822647906,-0.009325090294185823,-0.008242264390114884,-0.0007767168063561591,0.02476960196184419
2026-02-11,-4.895607156218951e-05,0.006028477539497201,0.002785512730456574,0.0003099047350323403,0.010475268582484487,0.014125171820194682,0.013549761304446184,0.00898914079377544,0.003497868409991778,-0.007869662158076385
2026-02-12,-0.01566101212770199,-0.01629909896977111,-0.0005555153040227578,0.001032722010018805,-0.02769607267367502,0.01836026882204922,-0.029162374693560533,-0.02992099123137404,0.002711064897427118,0.17960340763780214
2026-02-13,0.0004990891480125548,-0.011695871780071143,-0.0013896927103951295,-0.0005158676529494199,0.0007956594038691644,0.00808207113040793,0.019964620262842958,0.003725543401023046,-0.003862436325938079,-0.010566729902939609
2026-02-17,0.0010313220779065713,-0.0009862393221576893,0.0,0.0028902396431635946,-0.008904397583535784,-0.06537160950110155,-0.027698147681451624,-0.02753562737075732,-0.003102048399173274,-0.015048517485525714
2026-02-18,0.005566070147410729,0.00666336379662158,0.0027831869311845114,0.005557773423009893,0.04588481511846543,-0.006598476276328036,0.021216920217128177,0.028492819550103743,0.00505644001340122,-0.03302119497595557
2026-02-19,-0.0028221256867719813,-0.0009806783338826008,-0.002220343371728495,0.0023541797760284755,0.01902128880703846,-0.004981689436789782,-0.0021257590807680637,-0.01096054683802683,0.0023219607425728483,0.031090656315525544
2026-02-20,0.006939724763506794,0.0026994250104201978,0.0,-0.0013274507608788122,-0.0006021513675084078,0.017022656528837166,0.016760767696405443,0.01762649769932323,0.005019346333203112,-0.056351923650237334
2026-02-23,-0.010385652247284827,-0.01395011274993252,-0.0019471403134113663,-0.001022557263752888,-0.0012050283444823284,-0.0203478955158527,0.028739231956620648,-0.009946851177818905,-0.0023050853518340464,0.10057622110776498
2026-02-24,0.0076516140863223114,0.0009928486257939628,0.0,0.0018423777973211042,-0.010254868499654402,-0.023450564724576184,-0.009395428898871239,0.02598304200809154,0.0015402740309959917,-0.06949076515545527
2026-02-25,0.008136355657339944,0.0037192825474761104,0.0,-0.0018389896835586672,-0.0031997423931283686,0.018524919362991277,0.00981420915727682,0.009539078065965212,0.00422916606626611,-0.082864398726613
2026-02-26,-0.005365580569328343,-0.007658019163247376,0.0,0.0009212279436696669,-0.0032100136097579224,-0.04782761654745338,-0.005742913127032345,-0.005435202138450612,-0.00267999999707913,0.03904064939635021
2026-02-27,-0.00433935281103115,-0.013691885103261248,-0.0027870653005751533,-0.0018406821095263703,0.027756442018180172,0.011319443208684055,0.010431758910460776,0.009668721254565193,-0.0011515846516493289,0.06602262506673928
2026-03-02,0.0003983547353176853,0.021706200905148076,0.003353785711144308,0.007888501570040507,0.06281717285497268,0.035327062510450036,0.012216786606203955,-0.018319616141515782,-0.0011529856309651088,0.07955689200142912
2026-03-04,-0.0017612302017702142,0.007905154635774903,0.001392789571159403,0.003964214276646505,0.04815386976732339,-0.014527021040439347,-0.03290263490563572,-0.0067011215805771185,0.0050019649580643755,-0.013526161767891565
2026-03-05,-0.005646704863891072,0.016176467150827767,-0.0019471403134113663,0.005568523544102311,0.0850522121973023,0.029482332546097112,-0.010722313294558417,-0.0174210480237319,0.011102565040622903,0.12293146233401209
2026-03-06,-0.013276795812569242,-0.0031355551691173433,-0.005016757410362338,-0.0033226120828501182,0.12208368261757263,0.06093908973009787,0.015951729627923683,0.000695321931401871,0.011359304763113975,0.24168420088918596
2026-03-09,0.008304161513105202,0.0007259277701867628,0.006442577685556561,0.0019194105011268725,0.04257420299476822,-0.020715700222097455,-0.010609995262454652,0.00755600952315949,-0.005990260310608675,-0.1353000950181722
2026-03-10,-0.0021351198877325173,0.0,0.0005566639288012709,-0.0035289218899390296,-0.11944708342091537,-0.03205125266043052,0.02714331637287626,0.01784327055792545,0.002259938795299954,-0.022352929208792838
2026-03-11,-0.0008376012017449197,0.017408129589024268,0.001390786086939766,0.004047369406738444,0.045536287486201754,0.06258282479913224,-0.011912784794927855,-0.009908505251952748,0.0033821928043429317,-0.028078650395929716
2026-03-12,-0.015227676506708532,0.015446667669898106,0.001388920714826547,0.005139519193620101,0.09719201555224743,0.007478943160091456,-0.009985698539191068,-0.0035924913993112817,0.0018726305480090133,0.12628978254650813
2026-03-13,-0.006059115470564369,0.0028083511789249727,-0.0005548109429960313,0.006216189691811147,0.031129171869220817,-0.03154964331238841,-0.012373393624492413,-0.01888576391612118,0.0,-0.0036643597696923713
2026-03-16,0.010130883162251969,-0.015169208759649111,0.0005551189290524672,-0.0064766991024894915,-0.0527808644797384,-0.034493784288375795,-0.011578426521523966,0.01329953876674872,-0.011214924749927024,-0.13534388499059757
2026-03-17,0.0024942548757938,-0.004265319891647246,0.0,-0.0013037534310660348,0.02898394742751509,0.0033079690562181074,0.0014016820184221679,-0.011052608218068527,0.006427223871091181,-0.048489977820074914
2026-03-18,-0.013607567880073446,0.013564893256907684,0.0013869281541984968,0.005121455085943749,0.0011433386487715858,0.010550631365100038,-0.02221557641596683,-0.030123134983010336,0.010894027011122409,0.12159138181989015
2026-03-19,-0.002748797741878972,0.005165605473495205,0.0005540425258183657,-0.008592197146793823,-0.0018687739383937974,0.032952636302693517,-0.059142255016843004,-0.021786066842027774,0.0022296345701449116,-0.041052239154301895
2026-03-20,-0.015138182356779217,0.02569485006974892,0.0016611411906644058,0.004232572354498032,0.02267526855643509,-0.02242573065206055,-0.006586017710874081,-0.01665744091076682,-0.004449348718572166,0.11305075981208423
2026-03-23,0.011453200463990454,-0.012981026202262824,-0.001658386376744092,-0.007024631880762522,-0.10364119683721551,-0.06591276067835983,-0.036386269963426976,0.018156226752237048,-0.0003724479977563755,-0.023525057952272554
2026-03-24,-0.0037425745042546366,0.013382576432296567,0.002214810915980081,0.0048509688907283355,0.04788382335436259,0.017986871391609816,-0.0010899600059736114,-0.003125236139374765,0.0018628627710990386,0.03059277843515873
2026-03-25,0.005419124381509377,-0.014571977870935227,0.0,0.0017097271288699645,-0.02198157891540986,0.0030580442693790566,0.03420998947142473,0.019640326291151533,0.002603186924993617,-0.06011134669284157
2026-03-27,-0.03383695262244424,0.025878000642099552,-0.0035910976343870304,0.005522119078151588,0.10318865950304357,0.04844177865757904,-0.012703812732145048,-0.011213564840412249,0.007789354560558515,0.22581916030726923
2026-03-30,-0.003945748828622642,-0.022072082956776984,-0.0024951656949584455,0.003594614127474971,0.03251704018081458,-0.06720515113542325,0.0075690115761353205,0.0016462089832387505,-0.0018402369127769047,-0.014170648551379394
2026-04-01,0.03650848422240904,-0.005297153451292891,0.0019455167831967657,-0.008556368441679285,-0.026827319017490026,-0.023553888543322854,0.05682726365720292,0.02702707174257335,-0.000737479983213607,-0.19830119483145292
2026-04-02,0.0011208758485563575,-0.0013891098512972544,0.0005548109429960313,0.0038133190928180127,0.11406310283321663,-0.006739997647107199,-0.02753390824861668,-0.010846349486870133,0.0022140024021330973,-0.027302365578560805
2026-04-06,0.0044267825126402816,0.005100819600449613,0.004435761992563236,-0.0004998042884474252,0.007799916975443688,0.003928627353542602,0.0011393754030957215,0.0036850090820204073,0.004418293074653024,0.012568044680059565
2026-04-07,0.0007592481161695641,0.001845420284377619,-0.0022080864503289943,-0.0034007197026322267,0.0048037831913605444,0.02098889169630791,6.44848353685834e-05,-0.006984872386811114,-0.009897377234885707,0.06661152690399286
2026-04-08,0.025081414644149813,-0.01197330107134098,-0.004149406601549943,-0.005118447805645521,-0.1641433712886997,-0.050871050267942586,0.019840651995058467,0.03877719496245979,-0.0051832428160714095,-0.18386344627110762
2026-04-09,0.006170023529293189,0.0004661691750715846,-0.0033332905062911644,-0.003127182156590469,0.03664864898063014,-0.019823752302349784,0.008990461166964892,-0.0019966805609978877,0.0,-0.07366925270736524
2026-04-10,-0.0011385210916523558,0.005590423892994689,0.0013934994258484323,-0.0017202810106283772,-0.013282957139829188,-0.008239727999234225,-0.0063228353853806984,0.021311750120080353,0.0007442705541653716,-0.013340186348648642
2026-04-13,0.010173274948748201,-0.004632842560340578,0.0027831869311845114,-0.0028383048653417564,0.025991530953323627,-0.00793047901515842,-0.0040950041789837854,0.017971168186445396,0.0014875759180099646,-0.005720161498773413
2026-04-15,0.019852627309611792,-0.003490776524386341,0.0024979359223751274,-0.0031514199383211317,-0.0786233424663273,-0.006471335271962753,0.012145769830119946,0.01606429003445431,0.00891198545853844,-0.04968623019043461
2026-04-16,0.0026099558353673835,0.006305453059324506,-0.0005537357326744763,0.001631691475555641,0.03724396419959519,0.014176314474301233,-0.0030416870117186967,-0.0009057707112199997,-0.0022082983354398955,-0.012658202601573132
2026-04-17,0.012040463669150903,-0.014620608483606912,-0.0027700805412326224,-0.0012217750467380384,-0.11447886458755663,0.01020020765023677,0.015087599111024863,0.006099019420354956,-0.007008503496125695,-0.02564108016318145
2026-04-20,-0.002374372617670484,0.0009421071823516591,-0.0005555153040227578,-0.0005096373408860488,0.06869412332795921,0.005609523689792395,-0.010499011646637357,-0.011059247262121819,0.0026002858330547163,0.07951952708227816
2026-04-21,-0.006348217959672997,0.009882309857536686,0.0,0.003671602235050697,0.02812182374625838,0.002975134155896786,-0.022510754611198003,-0.00571564720337292,0.006669148080853171,0.03338628154465928
2026-04-22,0.010460084168953943,0.00046606056943154783,-0.0008338023733979183,0.0018290079167078144,0.009009029152271086,0.009269505636384956,0.007257810821773569,0.019745022627418285,-0.0014722456906521852,-0.029743585831079722
2026-04-23,-0.004132868267081369,0.0067535641466442975,0.0,0.0021301016499426506,0.03108863401582318,-0.03967663712419178,-0.0057897310816165115,-0.007271221396587535,0.009952099746251664,0.02061307547969271
2026-04-24,0.007973689797975636,-0.0030071736252021974,-0.0005563542264716004,-0.0029352318478717,-0.0151277722621318,-0.034812577373165454,0.0036555454027040746,-0.008558973858681207,-0.0003649718620825082,-0.03107200404267052
2026-04-27,0.0012323767534654362,0.006032487989179991,-0.0008349627149963901,-0.000304525212123985,0.020868656661653384,0.010701526115150184,-0.009931580857529543,-0.0009130638024508198,0.006571752799812369,-0.03687860291140321
2026-04-28,-0.004894172187521972,0.004151320578305917,0.0,0.001421602202236194,0.03694093034276702,0.0035294365140399186,-0.01794496815164226,-0.017198386043330016,0.01414578868209615,-0.010543869546671303
2026-04-29,-0.0003991720531409948,0.014699156718869677,0.0,0.00304193281290166,0.06954865332750537,0.03438845588240769,-0.010083808055646348,-0.006086778312693886,0.005364861616258265,0.054963519149170637
2026-04-30,0.010238239941821936,-0.006337789353688117,-0.0013927231592972822,-0.00849167360937464,-0.01693485783221116,0.04533429625493701,0.01529085563088639,0.008080315324946907,-0.002845959515084262,-0.10207337218538048
2026-05-04,-0.0011457559212064705,0.012756317630907787,0.0013946655422976129,0.00397633954289911,0.012848562653870355,0.03614027629155103,-0.020629768193652587,-0.022105980315138996,0.009275783892709999,0.0828893769372745
2026-05-05,0.008120017337603702,-0.0067476853664192316,0.002785512730456574,0.00010157546568989595,-0.03899644425186555,-0.02755493315215629,0.008031818716119021,0.02553921683180005,0.002827851577132501,-0.04975405736520189
2026-05-06,0.014588330317794274,-0.013586943904577264,0.0,-0.004671067203358303,-0.07030404857746886,-0.02080347400142979,0.027679025212324904,0.03255932141649609,-0.010927083684196037,0.0005753871901450491
2026-05-07,-0.003803095327784889,0.008264520709686085,-0.0005555153040227578,0.002346494233938179,-0.002839758805860182,0.014285726761830375,0.0038232133785665035,-0.0014666055075955864,-0.009265867207068568,-0.01782630689032183
2026-05-08,0.008425703533400997,-0.006375308174456418,-0.0008338023733979183,-0.004173065263199716,0.006433927075829571,-0.00433372469913107,0.0043831862020387025,0.019828643675917634,0.006115110825877901,0.006440316794081857
2026-05-11,0.0018799566475542484,0.010540789519547289,0.001390786086939766,0.0010221392810589869,0.02777197208898463,0.05549514618855422,-0.0003600769143322635,0.026324173110276128,0.012870955280277041,0.0692262123175218
2026-05-12,-0.0016026088601545085,0.012018134950326775,0.0008333391834189907,0.0035736008310851552,0.04190884697808839,-0.023024106083974982,-0.008710046401565918,0.011148406210697237,0.008471576836021733,-0.021218683757119994
2026-05-13,0.005849246488426552,0.0040331899189163245,-0.0008326453074584128,0.0019330800654844271,-0.01135255097518939,0.007386615316519851,0.004297096211008045,0.02320737357142799,0.005600274732977972,-0.006670313141271755
2026-05-14,0.007655604577358366,-0.0044632852409906,-0.0033332905062911644,0.0040616763083833884,0.001484869638324282,0.010474850045623318,-0.004172275122156011,-0.010247884899679871,-0.01670725895872971,-0.0341354550477867
2026-05-15,-0.012363320128051747,0.030038068943107232,0.0,0.003944168694189232,0.0420085013039424,0.02280579942061145,-0.02614315436089598,-0.04811571819334659,-0.014867259337838723,0.06778679378787822
2026-05-18,-0.0007356678561787344,0.006093657463622559,-0.005574130601150418,-0.0030220150348341246,0.030734258674256942,0.021621584613624956,-0.000724308536144358,0.003279165935056172,0.01329503558202405,-0.03309824201035161
2026-05-19,-0.006678320788135905,0.009517557983210967,0.0019618748119396567,0.003334362200509533,-0.008190750865521235,0.029761955915426075,-0.01014831308347064,-0.017059929354809378,0.0028368766504145437,0.01346800085456068
2026-05-20,0.010792026370445518,-0.02035564472227991,-0.0050350001803978195,-0.0019134182836552105,-0.08824343326587436,-0.035324383627886924,0.0055477888918964435,0.02035688612417008,-0.010961858761107002,-0.03432995294678509
2026-05-21,0.0017153304306989359,0.0030621038676896806,0.007028421680366437,0.0008072024070426842,-0.019438261964021653,0.004660432491627287,0.0018758414508805998,-0.005325521608140038,-0.012870887087617633,-0.03899084199268488
2026-05-22,0.0037269732409066503,-0.006105512023398041,0.000837526791305887,0.001310588267146695,0.0025947068392238037,-0.036779266651915,-0.0041411087484714,0.013584791203699487,-0.0018109794749672226,-0.003579920353401156
2026-05-26,0.006108260424063872,-0.01426065291120171,-0.0008368259271722689,-0.001510285202776962,-0.02805382119336841,-0.004471968061260823,-0.004556535646151327,0.0029959087642548177,-0.003265607922057767,0.01856284142395559
2026-05-27,0.00016487914469087706,-0.0026708399380886982,0.000837526791305887,0.00040335702597471546,-0.05549045817809506,0.050449172685898214,-0.011754489265765167,-0.008803683722559241,0.0,-0.042328001391321646
2026-05-29,0.007938475870548523,-0.006248578054763976,0.0008368259271722689,-0.003023842607919436,-0.014884976209761924,0.08223684313719959,0.025407532321529036,0.008643949957281238,-0.008008712007777197,-0.059545805168036314
2026-06-01,0.0026252961308912415,0.00494045264513443,0.00891856909251354,0.00293189035887087,0.054945089494299326,-0.03373862076662082,-0.018704046636881966,0.025866850898241367,-0.0003669808763976379,0.04765010161736205
2026-06-02,0.0012920889411551784,-0.0044692695760304435,-0.0005524461615266096,0.00020165597859223006,0.017361093864397548,-0.0037747234599389,0.003105984478260826,0.019236622028355965,-0.004405247169348314,-0.017445407639044563
2026-06-03,-0.007372041104846239,0.00808086473323022,0.0013819447153580189,0.0031243454422480443,0.024104036426452202,0.01484052116026957,-0.011672696354244283,-0.02534024352219988,-0.009587028791890884,0.01838928343441748
2026-06-04,0.004054961568363158,-0.0031173320903643553,-0.0008280488706112754,-0.0012056175892615206,-0.031035157589273332,0.03795892331237449,0.008812767970283408,0.0046289477018301994,-0.006329116620661157,-0.04109588227644323
2026-06-05,-0.026445361894386843,0.01317836392780869,0.0013812471267926618,0.006639130956660466,-0.02687016310618695,-0.032074303122354375,-0.030988809393572514,-0.038012584370184954,-0.01086552677873831,0.3967532962143463
2026-06-08,0.0029781310549599205,0.0035273967454600985,0.0008275919947131616,-0.00019982655268702132,0.00839410347410463,-0.02539486368571342,-0.00027672760265518015,0.010537236767017566,-0.002651503630139662,-0.12040911785348352
2026-06-09,-0.0025763939780845124,-0.005272444553015454,0.00192942928388673,-0.001399294206677948,-0.033954063525695966,-0.0022243308919484006,-0.017504994131142815,-0.004265807156949242,-0.0018989455831912583,0.05021145661250648
2026-06-10,-0.016199450298948426,0.003091859395377261,0.0,0.0004002931104682972,0.020748320797886022,0.014331158080244544,-0.0356337569688967,-0.008488647454472531,0.0019025584381340277,0.11826866506623457
2026-06-11,0.017518885564244746,-0.01739321870763899,-0.0033012610604740145,-0.0009004136131912643,-0.025769185008116646,-0.030769246892211943,-0.004357174829210941,0.0016002163432060623,-0.001139410813993047,-0.12511246018023325
2026-06-12,0.0050255138730570525,0.005377586558555025,-0.001380037579717719,-0.001101548264362373,-0.03226544134756104,0.010689988180246024,0.030486749060769203,0.02740057689755515,-0.002281348581099407,-0.09053498871043908
2026-06-15,0.016528391294663436,-0.004011617100717402,0.0,-0.0012030350534539824,-0.04865689664300343,0.0086539069929088,0.026809015421115134,0.008086470030260084,0.0053353426398474735,-0.08371037990327757
2026-06-16,-0.005684179609759754,-0.009174287454391528,0.003316772753488184,-0.0009033056345641999,-0.05820429657265869,0.029234193026616673,0.0006700328890365537,0.0010026636678703849,0.010614127958803676,0.012962905838441063
2026-06-17,-0.012148282108228825,0.00790421129701313,0.004683184410394059,0.00552537087909033,0.009730412019390844,-0.029021333346484712,0.006465169048318842,-0.0011557551248237985,0.006751699407577139,0.12370510088491216
2026-06-18,0.010846212235623431,-0.0026886864369792818,0.003016155130147302,0.007593187771381293,-0.00247431226905781,0.02798094106884008,-0.030925189315546997,-0.0165085780291776,-0.00782417997866669,-0.11062911369007722
2026-06-22,-0.003705051979052687,0.013030691556329632,0.006014235766123921,0.0016856536590721394,-0.023237582438049742,0.006186198787111019,-0.009990339797088299,-0.002823695916345348,0.0007510498833638302,0.0536586029624615
2026-06-23,-0.014362785193208105,-0.00354841309137488,0.0027173886635465383,0.0038606912690859474,-0.02151831885750377,-0.032585289243950766,-0.012434539614603501,-0.03390235974562783,-0.0018761440066130675,0.1278934604545825
2026-06-24,-0.0009829319733113406,-0.02025374571345362,0.0,0.0019721619270280932,-0.03920233277520613,0.023514420081101717,-0.033802236571496835,-0.03224229944070056,-0.0015037937952515623,-0.044125224240688765
2026-06-25,-9.92061187945481e-05,-0.0022716383819469943,-0.0027100244737636725,-0.0017714821778817003,0.02246235304683375,0.037876429891576135,0.010074418133964924,0.02145382141304597,0.013554240120116967,0.013955997884818938
2026-06-29,0.011272857831158944,-0.00409838913297722,0.0,-0.0031548821242376457,-0.016268050594174133,-0.04845945079712255,-0.002034474921690843,0.004447730972249042,-0.015230306324299003,-0.06564318746339792
2026-06-30,0.007920198981480553,0.010059476004593115,0.014130446965504806,0.0007912355906611879,-0.017667844522968212,0.02955048766380597,0.00014913196637333925,0.01558019998460991,0.006035452509645545,-0.06798860518563254
2026-07-01,-0.0021508346187620875,0.012901693192755914,-0.008574508007752835,0.00197644968294175,-0.01323738372583183,-0.016793913024613638,0.011285427822333993,-0.011142550321430966,0.007124129490591935,0.008510600799718215
2026-07-02,1.3702513856905796e-06,0.0022346880659112056,-0.008648666064176469,-0.005227327966144446,0.001603975027917759,-0.007453394166104688,0.010913685311181531,-0.0014697190682694261,-0.004467640971949627,-0.026522033153145053
2026-07-06,0.00724150765029874,-0.0013378019583175638,0.005997839282867012,-9.916851249203162e-05,-0.0020381334207676405,0.015331597264184094,0.010309504785220192,0.010385138121736581,0.029917769306537556,-0.035913308817702494
2026-07-07,-0.0044551096782159405,0.011163141968226986,0.0094850533521329,0.002875566880665481,0.027571105842568944,0.006163396009379873,-0.002358617780177652,-0.0010520827665200239,0.0003630472476696678,0.035966568845119395
2026-07-08,-0.002817238676629863,0.008831963694255318,-0.0005368738503903625,-0.0008898194426906203,0.04372507232977707,-0.016232836144810414,-0.017948014823829794,-0.018958129967037496,0.0025408930711940947,0.0477371666352322
2026-07-09,0.008142795337428232,-0.006565930072020221,-0.011012658406185594,-0.0010885760220632479,-0.01958643740155175,-0.0622664433113046,0.01466511010946947,0.026509215766900462,0.003258444696041307,-0.06272186330585061
2026-07-10,0.004208843399813977,0.006609326447296393,0.003530693025582954,0.00029719416060336457,-0.009295201885755944,-0.023904390669569953,-0.006415532700693172,0.002976645337507078,0.0021653329221738016,-0.05113638963471623
2026-07-13,-0.007927023147980106,0.008754747368655114,0.008930985917946721,0.0030701946602551544,0.09424443890779477,-0.014625844216654693,-0.026095878538004547,-8.024419325403098e-05,-0.001800545321748448,0.14171657699822537
2026-07-14,0.0037589783811964317,-0.005207239482321824,-0.0075106970194159794,-0.003356993897990934,0.015357012511074464,0.002416282120359936,0.01603705220321494,0.015562349616128124,-0.0032467588317915963,-0.03846152991147278
2026-07-15,0.003819144358387927,-0.008724091934619316,-0.0032432658834293804,-0.004359049244739843,0.003277062619503779,0.006887045669554226,-0.004210705780465451,-0.00576618918668903,0.012667404708673002,-0.05030302567915479
2026-07-16,-0.005101405539945647,0.0052804599794618046,0.002440364162403119,0.0022885906162546377,-0.008165848471595516,-0.0225718140155714,-0.01444112323040303,0.0003972443380748647,-0.013938505933844825,0.06764514746531392
2026-07-17,-0.010098540030789804,-0.006128229230839444,0.002704893262382546,0.00019851724808894744,0.04483851871264899,0.01854442706589743,0.006799441201228662,-0.01207119021235692,0.009061254027450616,0.12193669882519642
2026-07-20,-0.0019322546744660052,0.012552336843405065,-0.0005395450366391108,0.0023821127917571516,0.00897085116169083,-0.017519793205668432,-0.0005980766997166764,0.012700964445349072,0.0064655281677161724,-0.006393225162856231
2026-07-21,0.008856366018608064,0.006524517757206194,0.006747664205732029,0.001881398608033935,0.020185032289030014,0.0017482918266857883,0.015160972517727744,0.03365619577954826,0.0046395131564169745,-0.08579090692741875
2026-07-22,-0.0013636917526039793,0.006266266994408021,0.004021411905869465,-0.00039534409376051904,0.022612155059912098,0.020942388335015272,0.01861899802737299,-0.009215165310745732,0.002841915623096325,-0.024046912947709553
2026-07-23,-0.012089697334330851,0.009877604289056485,0.01468626660558403,0.0028673217053334366,0.06172982261108917,-0.003076944645888924,-0.02418669537473339,-0.022632209029555428,0.00035424119886617866,0.12379816399347465
2026-07-24,0.0004967638835191579,-0.005103161279241597,0.0013158196062266203,0.00039436966782013805,-0.031239882921610285,-0.015432043752590885,0.005189541712353307,0.0023791187519677237,0.0,-0.006417156916443623
2026-07-27,0.0001619264104413265,-0.00812141646014597,-0.002102532268434598,0.00039421420169638566,-0.07501956255061493,-0.03622434332540514,0.0016963079403320425,0.003006337482545751,-0.021954636576125508,0.004843926423974798
2026-07-28,0.002104307328987254,-0.007972355978424495,-0.00974451976331192,-0.00128071007857955,-0.04055197251386189,-0.037947242715373086,-0.00937537149880352,-0.002681842208654861,0.007965217475373487,-0.024638510441431172
2026-07-29,-0.015161289750108109,0.0039096710527950496,-0.027127659136000237,-0.0057209924775432075,0.06560682321588307,0.023666403140390146,-0.00039642683568941184,-0.007671632526146999,-0.012571852713772036,0.13454150939680853
2026-07-30,0.016604359135647728,0.008870594427732081,0.004647337337653212,-0.00783731043263658,-0.010300766706282993,0.012110089367160848,0.01620942009959858,0.027257512513032545,-0.00036377697217526705,-0.17279766317478462
2026-07-31,0.00700361981598796,0.01758519769874689,0.0019047536253735675,-0.0020997808217881886,0.0129202282374683,-0.00398836780086953,-0.012438720710539086,-0.0013189695433906135,0.0010917280620545977,-0.064365147551105
2026-08-03,0.01479091100582064,-0.012434144716915507,0.004888681767330594,0.0016031666114466603,-0.0511397416404199,0.012377109629064353,-0.0038033504020532627,0.012119339688692499,0.010178141923515627,-0.008130088574218153
2026-08-04,0.01789619360979544,-0.012590699294024565,0.008108100271120522,-0.0007002770654795931,-0.056883244997969706,-0.035598698565433406,0.015296118183988794,0.016042415522081743,-0.004677979986772773,0.040353112054028806
2026-08-05,-0.0016764921193257454,-0.0021611740561828796,-0.0013405132480830417,-0.00200217188371421,-0.0072587494619298365,0.0022371521762185598,0.03672410654150715,0.012767218100344424,-0.0010846235289591055,-0.0418181563868667
